,Course,Description,Image,Instructor,Link,Price,Provider,Subject
0,Analyzing categorical data,"This unit covers methods for dealing with data that falls into categories. Learn how to use bar graphs, Venn diagrams, and two-way tables to see patterns and relationships in categorical data.",https://cdn.kastatic.org/genfiles/topic-icons/icons/arithmetic.png-af7472-128c.png,None,https://www.khanacademy.org/math/statistics-probability/analyzing-categorical-data,Free,Khan Academy,statistics probability
1,Displaying and comparing quantitative data,"This unit covers some basic methods for graphing distributions of quantitative data like dot plots, histograms, and stem and leaf plots. We'll also explore how to use those displays to compare the features of different distributions.",https://cdn.kastatic.org/genfiles/topic-icons/icons/data_management_probability.png-84fa5f-128c.png,None,https://www.khanacademy.org/math/statistics-probability/displaying-describing-data,Free,Khan Academy,statistics probability
2,Summarizing quantitative data,"This unit covers common measures of center like mean and median. We'll also learn to measure spread or variability with standard deviation and interquartile range, and use these ideas to determine what data can be considered an outlier.",https://cdn.kastatic.org/genfiles/topic-icons/icons/arithmetic.png-af7472-128c.png,None,https://www.khanacademy.org/math/statistics-probability/summarizing-quantitative-data,Free,Khan Academy,statistics probability
3,Modeling data distributions,"This unit takes our understanding of distributions to the next level. We'll measure the position of data within a distribution using percentiles and z-scores, we'll learn what happens when we transform data, we'll study how to model distributions with density curves, and we'll look at one of the most important families of distributions called Normal distributions.",https://cdn.kastatic.org/genfiles/topic-icons/icons/random_variables.png-9a60cf-128c.png,None,https://www.khanacademy.org/math/statistics-probability/modeling-distributions-of-data,Free,Khan Academy,statistics probability
4,Exploring bivariate numerical data,"We use scatter plots to explore the relationship between two quantitative variables, and we use regression to model the relationship and make predictions. This unit explores linear regression and how to assess the strength of linear models.",https://cdn.kastatic.org/genfiles/topic-icons/icons/regression.png-1116c0-128c.png,None,https://www.khanacademy.org/math/statistics-probability/describing-relationships-quantitative-data,Free,Khan Academy,statistics probability
5,Study design,"Statistics is all about forming questions and gathering data to explore those questions. This unit covers sampling and survey methods, observational studies, and basic experiment design.",https://cdn.kastatic.org/genfiles/topic-icons/icons/independent_dependent.png-c17e68-128c.png,None,https://www.khanacademy.org/math/statistics-probability/designing-studies,Free,Khan Academy,statistics probability
6,Probability,"Probability tells us how often some event will happen after many repeated trials. This topic covers theoretical, experimental, compound probability, permutations, combinations, and more!",https://cdn.kastatic.org/genfiles/topic-icons/icons/probability.png-0e7373-128c.png,None,https://www.khanacademy.org/math/statistics-probability/probability-library,Free,Khan Academy,statistics probability
7,"Counting, permutations, and combinations","This unit covers methods for counting how many possible outcomes there are in various situations. We'll learn about factorial, permutations, and combinations. We'll also look at how to use these ideas to find probabilities.",https://cdn.kastatic.org/genfiles/topic-icons/icons/arithmetic.png-af7472-128c.png,None,https://www.khanacademy.org/math/statistics-probability/counting-permutations-and-combinations,Free,Khan Academy,statistics probability
8,Random variables,"Random variables can be any outcomes from some chance process, like how many heads will occur in a series of 20 flips. We calculate probabilities of random variables and calculate expected value for different types of random variables.",https://cdn.kastatic.org/genfiles/topic-icons/icons/sequences.png-cb8eda-128c.png,None,https://www.khanacademy.org/math/statistics-probability/random-variables-stats-library,Free,Khan Academy,statistics probability
9,Sampling distributions,A sampling distribution shows every possible result a statistic can take in every possible sample from a population and how often each result happens. This topic covers how sample proportions and sample means behave in repeated samples.,https://cdn.kastatic.org/genfiles/topic-icons/icons/random_variables.png-9a60cf-128c.png,None,https://www.khanacademy.org/math/statistics-probability/sampling-distributions-library,Free,Khan Academy,statistics probability
10,Confidence intervals,Confidence intervals give us a range of plausible values for some unknown value based on results from a sample. This topic covers confidence intervals for means and proportions.,https://cdn.kastatic.org/genfiles/topic-icons/icons/random_variables.png-9a60cf-128c.png,None,https://www.khanacademy.org/math/statistics-probability/confidence-intervals-one-sample,Free,Khan Academy,statistics probability
11,Significance tests (hypothesis testing),"Significance tests give us a formal process for using sample data to evaluate the likelihood of some claim about a population value. We calculate p-values to see how likely a sample result is to occur by random chance, and we use p-values to make conclusions about hypotheses.",https://cdn.kastatic.org/genfiles/topic-icons/icons/random_variables.png-9a60cf-128c.png,None,https://www.khanacademy.org/math/statistics-probability/significance-tests-one-sample,Free,Khan Academy,statistics probability
12,Two-sample inference for the difference between groups,Learn how to apply what you know about confidence intervals and significance tests to situations that involve comparing two samples to see if there is a significant difference between the two populations.,https://cdn.kastatic.org/genfiles/topic-icons/icons/random_variables.png-9a60cf-128c.png,None,https://www.khanacademy.org/math/statistics-probability/significance-tests-confidence-intervals-two-samples,Free,Khan Academy,statistics probability
13,Inference for categorical data (chi-square tests),"Chi-square tests are a family of significance tests that give us ways to test hypotheses about distributions of categorical data. This topic covers goodness-of-fit tests to see if sample data fits a hypothesized distribution, and tests for independence between two categorical variables.",https://cdn.kastatic.org/genfiles/topic-icons/icons/data_modeling.png-d46210-128c.png,None,https://www.khanacademy.org/math/statistics-probability/inference-categorical-data-chi-square-tests,Free,Khan Academy,statistics probability
14,Advanced regression (inference and transforming),Advanced regression will introduce you to regression methods when data has  a nonlinear pattern.,https://cdn.kastatic.org/genfiles/topic-icons/icons/regression.png-1116c0-128c.png,None,https://www.khanacademy.org/math/statistics-probability/advanced-regression-inference-transforming,Free,Khan Academy,statistics probability
15,Analysis of variance (ANOVA),"Analysis of variance, also called ANOVA, is a collection of methods for comparing multiple means across different groups.",https://cdn.kastatic.org/genfiles/topic-icons/icons/probability.png-0e7373-128c.png,None,https://www.khanacademy.org/math/statistics-probability/analysis-of-variance-anova-library,Free,Khan Academy,statistics probability
16,Scatterplots,"Scatterplots show us relationships and patterns in data, and we use those patterns to make predictions.",https://cdn.kastatic.org/genfiles/topic-icons/icons/probability.png-0e7373-128c.png,None,https://www.khanacademy.org/math/probability/scatterplots-a1,Free,Khan Academy,probability
17,Data distributions,Data makes more sense when we graph it and summarize it with numbers.,https://cdn.kastatic.org/genfiles/topic-icons/icons/probability.png-0e7373-128c.png,None,https://www.khanacademy.org/math/probability/data-distributions-a1,Free,Khan Academy,probability
18,Two-way tables,Two-way tables show us relationships between categorical variables.,https://cdn.kastatic.org/genfiles/topic-icons/icons/probability.png-0e7373-128c.png,None,https://www.khanacademy.org/math/probability/two-way-tables-categorical-data-a1,Free,Khan Academy,probability
21,Binomial probability,"If you roll five dice, what’s the probability that three of them show a 6? In a group of 20 strangers, what’s the probability that more than half of them were born in the summer? Learn about binomial probability to answer these types of problems.",https://cdn.kastatic.org/genfiles/topic-icons/icons/probability.png-0e7373-128c.png,None,https://www.khanacademy.org/math/probability/binomial-probability-a2,Free,Khan Academy,probability
22,Normal distributions,A Normal distribution is a very special and common distribution that is fundamental to learning about statistics. Normal distributions describe many real world phenomena from scores on exams to lengths of wings on bugs.  ,https://cdn.kastatic.org/genfiles/topic-icons/icons/probability.png-0e7373-128c.png,None,https://www.khanacademy.org/math/probability/normal-distributions-a2,Free,Khan Academy,probability
23,Thinking about multivariable functions,"The only thing separating multivariable calculus from ordinary calculus is this newfangled word ""multivariable"".  It means we will deal with functions whose inputs or outputs live in two or more dimensions.  Here we lay the foundations for thinking about and visualizing multivariable functions.",https://cdn.kastatic.org/genfiles/topic-icons/icons/thinking_about_multivariable_function.png-f2577f-128c.png,None,https://www.khanacademy.org/math/multivariable-calculus/thinking-about-multivariable-function,Free,Khan Academy,multivariable calculus
24,Derivatives of multivariable functions,"What does it mean to take the derivative of a function whose input lives in multiple dimensions?  What about when its output is a vector?  Here we go over many different ways to  extend the idea of a derivative to higher dimensions, including partial derivatives​, directional derivatives, the gradient, vector derivatives, divergence, curl, etc.",https://cdn.kastatic.org/genfiles/topic-icons/icons/multivariable_derivatives.png-16f374-128c.png,None,https://www.khanacademy.org/math/multivariable-calculus/multivariable-derivatives,Free,Khan Academy,multivariable calculus
25,Applications of multivariable derivatives,"The tools of partial derivatives, the gradient, etc. can be used to optimize and approximate multivariable functions.  These are very useful in practice, and to a large extent this is why people study multivariable calculus.",https://cdn.kastatic.org/genfiles/topic-icons/icons/multivariable_derivatives.png-16f374-128c.png,None,https://www.khanacademy.org/math/multivariable-calculus/applications-of-multivariable-derivatives,Free,Khan Academy,multivariable calculus
26,Integrating multivariable functions,"There are many ways to extend the idea of integration to multiple dimensions: Line integrals, double integrals, triple integrals, surface integrals, etc.  Each one lets you add infinitely many infinitely small values, where those values might come from points on a curve, points in an area, points on a surface, etc.  

These are all very powerful tools, relevant to almost all real-world applications of calculus.  In particular, they are an invaluable tool in physics.",https://cdn.kastatic.org/genfiles/topic-icons/icons/multivariable_calculus.png-ac2283-128c.png,None,https://www.khanacademy.org/math/multivariable-calculus/integrating-multivariable-functions,Free,Khan Academy,multivariable calculus
27,"Green's, Stokes', and the divergence theorems","Here we cover four different ways to extend the fundamental theorem of calculus to multiple dimensions.  Green's theorem and the 2D divergence theorem do this for two dimensions, then we crank it up to three dimensions with Stokes' theorem and the (3D) divergence theorem.",https://cdn.kastatic.org/genfiles/topic-icons/icons/multivariable_calculus.png-ac2283-128c.png,None,https://www.khanacademy.org/math/multivariable-calculus/greens-theorem-and-stokes-theorem,Free,Khan Academy,multivariable calculus
28,First order differential equations,Differential equations with only first derivatives.,https://cdn.kastatic.org/genfiles/topic-icons/icons/first_order_diff_equations.png-09c1fe-128c.png,None,https://www.khanacademy.org/math/differential-equations/first-order-differential-equations,Free,Khan Academy,differential equations
29,Second order linear equations,Linear differential equations that contain second derivatives,https://cdn.kastatic.org/genfiles/topic-icons/icons/second_order_diff_equations.png-c51db9-128c.png,None,https://www.khanacademy.org/math/differential-equations/second-order-differential-equations,Free,Khan Academy,differential equations
30,Laplace transform,Transforms and the Laplace transform in particular. Convolution integrals.,https://cdn.kastatic.org/genfiles/topic-icons/icons/laplace_transform.png-dd1669-128c.png,None,https://www.khanacademy.org/math/differential-equations/laplace-transform,Free,Khan Academy,differential equations
31,Vectors and spaces,Let's get our feet wet by thinking in terms of vectors and spaces.,https://cdn.kastatic.org/genfiles/topic-icons/icons/linear_algebra.png-341940-128c.png,None,https://www.khanacademy.org/math/linear-algebra/vectors-and-spaces,Free,Khan Academy,linear algebra
32,Matrix transformations,Understanding how we can map one set of vectors to another set.  Matrices used to define linear transformations.,https://cdn.kastatic.org/genfiles/topic-icons/icons/matrices.png-6b50da-128c.png,None,https://www.khanacademy.org/math/linear-algebra/matrix-transformations,Free,Khan Academy,linear algebra
33,Alternate coordinate systems (bases),We explore creating and moving between various coordinate systems.,https://cdn.kastatic.org/genfiles/topic-icons/icons/linear_algebra.png-341940-128c.png,None,https://www.khanacademy.org/math/linear-algebra/alternate-bases,Free,Khan Academy,linear algebra
34,One-dimensional motion,In this tutorial we begin to explore ideas of velocity and acceleration.  We do exciting things like throw things off cliffs (far safer on paper than in real life) and see how high a ball will fly in the air.,https://cdn.kastatic.org/genfiles/topic-icons/icons/one_dimensional_motion.png-8bcf2d-128c.png,None,https://www.khanacademy.org/science/physics/one-dimensional-motion,Free,Khan Academy,physics
35,Two-dimensional motion,"You understand velocity and acceleration well in one-dimension.  Now we can explore scenarios that are even more fun.  With a little bit of trigonometry (you might want to review your basic trig, especially what sin and cos are), we can think about whether a baseball can clear the ""green monster"" at Fenway Park.",https://cdn.kastatic.org/genfiles/topic-icons/icons/two_dimensional_motion.png-c6711c-128c.png,None,https://www.khanacademy.org/science/physics/two-dimensional-motion,Free,Khan Academy,physics
36,Forces and Newton's laws of motion,This is the meat of much of classical physics.  We think about what a force is and how Newton changed the world's (and possibly your) view of how reality works.,https://cdn.kastatic.org/genfiles/topic-icons/icons/newtons_laws.png-3f796e-128c.png,None,https://www.khanacademy.org/science/physics/forces-newtons-laws,Free,Khan Academy,physics
37,Centripetal force and gravitation,"Learn about centripetal acceleration and centripetal force. Also, learn about the universal law of gravitation and gravitational orbits.",https://cdn.kastatic.org/genfiles/topic-icons/icons/atom.png-e81d05-128c.png,None,https://www.khanacademy.org/science/physics/centripetal-force-and-gravitation,Free,Khan Academy,physics
38,Work and energy,"""Energy"" is a word that's used a lot. Here, you'll learn about how it's one of the most useful concepts in physics. Along the way, we'll talk about work, kinetic energy, potential energy, conservation of energy, and mechanical advantage.",https://cdn.kastatic.org/genfiles/topic-icons/icons/work_energy.png-0265d8-128c.png,None,https://www.khanacademy.org/science/physics/work-and-energy,Free,Khan Academy,physics
39,Impacts and linear momentum,"Momentum ties velocity and mass into one quantity. It might not be obvious why this is useful, but momentum has this cool property where the total amount of it never changes. This is called the conservation of momentum, and we can use it to analyze collisions and other interactions. Bam!",https://cdn.kastatic.org/genfiles/topic-icons/icons/linear_momentum.png-2868be-128c.png,None,https://www.khanacademy.org/science/physics/linear-momentum,Free,Khan Academy,physics
40,Torque and angular momentum,"Everything you've learned about motion, forces, energy, and momentum can be reused to analyze rotating objects. There are some differences, though. Here, you'll learn about rotational motion, moments, torque, and angular momentum.",https://cdn.kastatic.org/genfiles/topic-icons/icons/torque.png-67a464-128c.png,None,https://www.khanacademy.org/science/physics/torque-angular-momentum,Free,Khan Academy,physics
41,Oscillations and mechanical waves,"Waves are responsible for basically every form of communication we use. Whether you're talking out loud, texting on your phone, or waving to someone in a crowd there's going to be a wave transmitting information. Learn about the basics of waves in this topic, then learn more about light waves in the topics below.",https://cdn.kastatic.org/genfiles/topic-icons/icons/mechanical_waves_and_sound.png-b19154-128c.png,None,https://www.khanacademy.org/science/physics/mechanical-waves-and-sound,Free,Khan Academy,physics
42,Fluids,"Atmospheric pressure is like an invisible friend who is always squeezing you with a big hug. Learn more about pressure, buoyant force, and flowing fluid so you can appreciate the sometimes invisible, but crucial, effect they have on us and the world around us.",https://cdn.kastatic.org/genfiles/topic-icons/icons/fluids.png-cd37e1-128c.png,None,https://www.khanacademy.org/science/physics/fluids,Free,Khan Academy,physics
43,Thermodynamics,"Heat can be useful, but it can also be annoying. Understanding heat and the flow of heat allows us to build heat sinks that prevent our computers from overheating, build better engines, and prevent freeway overpasses from cracking.",https://cdn.kastatic.org/genfiles/topic-icons/icons/thermodynamics.png-520ef8-128c.png,None,https://www.khanacademy.org/science/physics/thermodynamics,Free,Khan Academy,physics
44,"Electric charge, field, and potential",Electric forces hold together the atoms and molecules in your eyes which allow you to read this sentence. Take a moment and learn about the force that holds our bodies together.,https://cdn.kastatic.org/genfiles/topic-icons/icons/electric_charge-electric-force-and-voltage.png-b83cd8-128c.png,None,https://www.khanacademy.org/science/physics/electric-charge-electric-force-and-voltage,Free,Khan Academy,physics
45,Circuits,"Circuits make computers, digital cameras, and video games possible. Circuits are driving an unprecedented rate of change in how we live. In this topic you'll learn about the physics behind the electronic devices we use.",https://cdn.kastatic.org/genfiles/topic-icons/icons/circuits.png-c736f2-128c.png,None,https://www.khanacademy.org/science/physics/circuits-topic,Free,Khan Academy,physics
46,"Magnetic forces, magnetic fields, and Faraday's law","Magnetic fields are extremely useful. The magnetic field of the Earth shields us from harmful radiation from the Sun, magnetic fields allow us to diagnose medical problems using an MRI, and magnetic fields are a key component in generating electrical power in most power plants. In this topic you'll learn about the forces, fields, and laws that makes these and so many other applications possible. ",https://cdn.kastatic.org/genfiles/topic-icons/icons/magnetic_forces_and_magnetic_fields.png-f72dfd-128c.png,None,https://www.khanacademy.org/science/physics/magnetic-forces-and-magnetic-fields,Free,Khan Academy,physics
47,Electromagnetic waves and interference,Light can seem mysterious. What is light made out of? What causes color? How do 3D movies work? Learn about some of the mysterious properties of light in these tutorials.,https://cdn.kastatic.org/genfiles/topic-icons/icons/light_waves.png-259787-128c.png,None,https://www.khanacademy.org/science/physics/light-waves,Free,Khan Academy,physics
48,Geometric optics,"Light waves can be bent and reflected to form new and sometimes altered images. Understanding how light rays can be manipulated allows us to create better contact lenses, fiber optic cables, and high powered telescopes.",https://cdn.kastatic.org/genfiles/topic-icons/icons/geometric_optics.png-c6f673-128c.png,None,https://www.khanacademy.org/science/physics/geometric-optics,Free,Khan Academy,physics
49,Special relativity ,"Think you know about time and space? Think again. Einstein basically did a pile driver on all our brains when he came up with his theory of special relativity. 
",https://cdn.kastatic.org/genfiles/topic-icons/icons/universe_scale.png-9fa814-128c.png,None,https://www.khanacademy.org/science/physics/special-relativity,Free,Khan Academy,physics
50,Quantum Physics,"Do you want to describe the microscopic world of atoms and nuclei? Well, classical physics isn't going to cut it. You'll need quantum physics to explain things like atomic energy levels, photons, and the wavelength of electrons.",https://cdn.kastatic.org/genfiles/topic-icons/icons/light_waves.png-259787-128c.png,None,https://www.khanacademy.org/science/physics/quantum-physics,Free,Khan Academy,physics
51,Discoveries and projects,Rediscover the most important Scientific observations in a historical progression,https://cdn.kastatic.org/genfiles/topic-icons/icons/torque.png-67a464-128c.png,None,https://www.khanacademy.org/science/physics/discoveries,Free,Khan Academy,physics
52,Review for AP Physics 1 exam,Studying for the AP Physics 1 exam? Watch these materials to help you review.,https://cdn.kastatic.org/genfiles/topic-icons/icons/ap_physics_1.png-649000-128c.png,None,https://www.khanacademy.org/science/physics/review-for-ap-physics-1-exam,Free,Khan Academy,physics
53,Cosmology and astronomy,"It's a great, big universe out there. In this section of Khan Academy, you'll learn about the brain-bending vastness of time and space. We go from plate tectonics here on Earth to entire galaxies and beyond. ",https://cdn.kastatic.org/genfiles/topic-icons/icons/cosmology_astronomy.png-fef193-128c.png,None,https://www.khanacademy.org/science/cosmology-and-astronomy,Free,Khan Academy,physics
54,"Atoms, compounds, and ions","Chemistry is the study of matter, and all matter is made up of atoms. We will learn about elements, atomic number and mass, isotopes, moles (chemistry moles, not the animal), and compounds. ",https://cdn.kastatic.org/genfiles/topic-icons/icons/atom.png-e81d05-128c.png,None,https://www.khanacademy.org/science/chemistry/atomic-structure-and-properties,Free,Khan Academy,chemistry
55,Chemical reactions and stoichiometry,"We are now going to delve into the heart of chemistry.  We learn ways of representing molecules and how molecules react.  To do this, we'll even think about ""how many"" of a molecule we have using a quantity called a ""mole"".",https://cdn.kastatic.org/genfiles/topic-icons/icons/chemical_reactions_stoichiometry.png-1dae0c-128c.png,None,https://www.khanacademy.org/science/chemistry/chemical-reactions-stoichiome,Free,Khan Academy,chemistry
56,Electronic structure of atoms,"So we know that all matter is made up of atoms, but what is an atom made out of? Chemists describe the structure of atoms using models. This section will cover the Bohr model, photoelectric effect, absorption and emission spectra, quantum numbers, and electron configurations. ",https://cdn.kastatic.org/genfiles/topic-icons/icons/atom.png-e81d05-128c.png,None,https://www.khanacademy.org/science/chemistry/electronic-structure-of-atoms,Free,Khan Academy,chemistry
57,Periodic table,"A little more than a century ago, the chemist Dmitri Mendeleev published an early form of the periodic table, which organizes the known elements of our world. His method of classifying the elements was so useful that we still use it even today. We will learn to apply this elegant table to an understanding of atomic structure and properties, including periodic table trends. ",https://cdn.kastatic.org/genfiles/topic-icons/icons/periodic_table.png-c20e5e-128c.png,None,https://www.khanacademy.org/science/chemistry/periodic-table,Free,Khan Academy,chemistry
58,Chemical bonds,"Chemical bonds are the glue that hold molecules together. We will learn about the different kinds of bonds, ways chemists draw bonds and molecules, and how the type of chemical bonding affects the bulk properties of a material. We will cover electronegativity, Lewis dot structures, VSEPR, bond hybridization, and ionic, covalent, and metallic bonds. ",https://cdn.kastatic.org/genfiles/topic-icons/icons/aromatic_compounds.png-021ca4-128c.png,None,https://www.khanacademy.org/science/chemistry/chemical-bonds,Free,Khan Academy,chemistry
59,Gases and kinetic molecular theory,"Properties of gases can be modeled using some relatively simple equations, which we can relate to the behavior of individual gas molecules. We will learn about the ideal gas law, vapor pressure, partial pressure, and the Maxwell Boltzmann distribution. ",https://cdn.kastatic.org/genfiles/topic-icons/icons/gases_and_kinetic_molecular_theory.png-523605-128c.png,None,https://www.khanacademy.org/science/chemistry/gases-and-kinetic-molecular-theory,Free,Khan Academy,chemistry
60,States of matter and intermolecular forces,"Have you ever wondered how some insects are able to ""skate"" on the surface of water? We will learn about how intermolecular forces make this possible. We will also cover liquids, solids, mixtures, and phase changes.",https://cdn.kastatic.org/genfiles/topic-icons/icons/states_of_matter_and_intermolecular_forces.png-c3eb30-128c.png,None,https://www.khanacademy.org/science/chemistry/states-of-matter-and-intermolecular-forces,Free,Khan Academy,chemistry
61,Chemical equilibrium,"Many chemical reactions are reversible, and the forward and backward reactions can occur at the same time. When the rate of the forward reaction is equal to the rate of the backward reaction, we call that a dynamic equilibrium. We will learn how equilibrium can be described by the equilibrium constant K, and how different factors than can affect the chemical equilibrium. ",https://cdn.kastatic.org/genfiles/topic-icons/icons/chemical_reactions.png-98e00e-128c.png,None,https://www.khanacademy.org/science/chemistry/chemical-equilibrium,Free,Khan Academy,chemistry
62,Acids and bases,"In this section we will be talking about the basics of acids and bases and how acid-base chemistry is related to chemical equilibrium. We will cover acid and base definitions, pH, acid-base equilibria, acid-base properties of salts, and the pH of salt solutions. ",https://cdn.kastatic.org/genfiles/topic-icons/icons/acids_bases.png-b5e1c5-128c.png,None,https://www.khanacademy.org/science/chemistry/acids-and-bases-topic,Free,Khan Academy,chemistry
63,"Buffers, titrations, and solubility equilibria","We can combine our knowledge of acids and bases, equilibrium, and neutralization reactions to understand buffers and titrations. Solubility equilibria will build on concepts from solubility, precipitation, and equilibrium. ",https://cdn.kastatic.org/genfiles/topic-icons/icons/acid_base_equilibrium.png-dbd103-128c.png,None,https://www.khanacademy.org/science/chemistry/acid-base-equilibrium,Free,Khan Academy,chemistry
65,Redox reactions and electrochemistry,"Oxidation and reduction reactions power your phone and make it possible for your body to use the oxygen you inhale. We will learn about oxidation states (numbers), oxidation-reduction (redox) reactions, galvanic/voltaic cells, electrolytic cells, cell potentials, and how electrochemistry is related to thermodynamics and equilibrium. ",https://cdn.kastatic.org/genfiles/topic-icons/icons/oxidation_reduction.png-34adb2-128c.png,None,https://www.khanacademy.org/science/chemistry/oxidation-reduction,Free,Khan Academy,chemistry
66,Kinetics,"Chemists are often interested in how fast a reaction will occur, and what we can do to control the rate. The study of reaction rates is called kinetics, and we will learn about average reaction rate, rate laws, the Arrhenius equation, reaction mechanisms, catalysts, and spectrophotometry.",https://cdn.kastatic.org/genfiles/topic-icons/icons/chem_kinetics.png-757358-128c.png,None,https://www.khanacademy.org/science/chemistry/chem-kinetics,Free,Khan Academy,chemistry
67,Nuclear chemistry,"Ancient alchemists attempted but failed to turn different substances into gold. It turns out that the only way to turn one element into another element is using nuclear chemistry! Nuclear reactions change the composition of an atom's nucleus, and this process is useful for many applications. ",https://cdn.kastatic.org/genfiles/topic-icons/icons/nuclear_chemistry.png-ebd8e0-128c.png,None,https://www.khanacademy.org/science/chemistry/nuclear-chemistry,Free,Khan Academy,chemistry
68,Studying for the AP Chemistry exam?,Studying for the AP Chemistry exam? Watch these videos to help you prepare!,https://cdn.kastatic.org/genfiles/topic-icons/icons/meet_a_chemistry_professional.png-d670b8-128c.png,None,https://www.khanacademy.org/science/chemistry/studying-for-ap-chemistry-exam,Free,Khan Academy,chemistry
69,Meet the chemistry professional,"What can you do with chemistry skills? A lot of things, it turns out! Learn about the diversity of careers available to people interested in chemistry. ",https://cdn.kastatic.org/genfiles/topic-icons/icons/meet_a_chemistry_professional.png-d670b8-128c.png,None,https://www.khanacademy.org/science/chemistry/meet-a-chemistry-professional,Free,Khan Academy,chemistry
70,Organic chemistry,Sal and Jay cover topics covered in college organic chemistry course.  Basic understanding of basic high school or college chemistry assumed (although there is some review).,https://cdn.kastatic.org/genfiles/topic-icons/icons/organic_chemistry.png-fe4e7d-128c.png,None,https://www.khanacademy.org/science/organic-chemistry,Free,Khan Academy,chemistry
71,"Alkanes, cycloalkanes, and functional groups","The properties of organic molecules depend on the structure, and knowing the names of organic compounds allow us to communicate with other chemists. We'll be learning about different aspects of molecular structure, including common functional groups and conformations. ",https://cdn.kastatic.org/genfiles/topic-icons/icons/alkanes.png-d8364d-128c.png,None,https://www.khanacademy.org/science/organic-chemistry/bond-line-structures-alkanes-cycloalkanes,Free,Khan Academy,chemistry
72,Structure and bonding,"Let's review the basics of chemical bonds including dot structures, hybridization, bond-line structures, electronegativity, and polarity. We will also discuss how bonding and intermolecular forces relate to physical properties such as boiling point. ",https://cdn.kastatic.org/genfiles/topic-icons/icons/general_chemistry.png-9fb023-128c.png,None,https://www.khanacademy.org/science/organic-chemistry/gen-chem-review,Free,Khan Academy,organic chemistry
73,Resonance and acid-base chemistry,"Let's review how to keep track of electrons using formal charges, oxidation states, oxidation-reduction reactions, and resonance structures. We will also go over the principles of acid-base chemistry. ",https://cdn.kastatic.org/genfiles/topic-icons/icons/organic_structures.png-c6db8e-128c.png,None,https://www.khanacademy.org/science/organic-chemistry/organic-structures,Free,Khan Academy,organic chemistry
75,Stereochemistry," Just like how your left foot doesn't quite fit your right shoe, molecules also can have properties that depend on their handedness! This property is called chirality. We will go over what makes a molecule chiral, stereoisomers, assigning configurations using the R,S system, optical activity and Fischer projections. ",https://cdn.kastatic.org/genfiles/topic-icons/icons/stereochemistry.png-628d6b-128c.png,None,https://www.khanacademy.org/science/organic-chemistry/stereochemistry-topic,Free,Khan Academy,organic chemistry
76,Substitution and elimination reactions,"Sn1, Sn2, E1, and E2 reactions form the basis for understanding why certain products are more likely to form than others. We will learn about the reaction mechanisms, and how nucleophilicity and electrophilicity can be used to choose between different reaction pathways. ",https://cdn.kastatic.org/genfiles/topic-icons/icons/substitution_elimination_reactions.png-d0725d-128c.png,None,https://www.khanacademy.org/science/organic-chemistry/substitution-elimination-reactions,Free,Khan Academy,organic chemistry
77,Alkenes and alkynes,"Alkenes and alkynes can be transformed into almost any other functional group you can name! We will review their nomenclature, and also learn about the vast possibility of reactions using alkenes and alkynes as starting materials. ",https://cdn.kastatic.org/genfiles/topic-icons/icons/alkenes_alkynes.png-b26952-128c.png,None,https://www.khanacademy.org/science/organic-chemistry/alkenes-alkynes,Free,Khan Academy,organic chemistry
78,"Alcohols, ethers, epoxides, sulfides","Alcohol and thiol groups are important functional groups for applications ranging from enzyme reactions to making flexible contact lenses. We will be reviewing naming oxygen and sulfur containing compounds. Then we will be ready to learn about some reactions that involve alcohols, ethers, epoxides, thiols, and sulfides as both reactants and products. ",https://cdn.kastatic.org/genfiles/topic-icons/icons/alcohols_ethers_epoxides_sulfides.png-02974e-128c.png,None,https://www.khanacademy.org/science/organic-chemistry/alcohols-ethers-epoxides-sulfides,Free,Khan Academy,organic chemistry
79,Conjugated systems and pericyclic reactions,"Molecules with conjugation can undergo some interesting and useful reactions! We will be learning about the Diels-Alder reaction, including how to predict the stereochemistry and regiochemistry of the product based on the diene and dienophile.  ",https://cdn.kastatic.org/genfiles/topic-icons/icons/conjugation_diels_alder_mo_theory.png-fcd2b2-128c.png,None,https://www.khanacademy.org/science/organic-chemistry/conjugation-diels-alder-mo-theory,Free,Khan Academy,organic chemistry
80,Aromatic compounds,"The distinctive electronic structure of aromatic leads to some distinctive reactivity! We will be covering the naming of benzene derivatives, stability of aromatic compounds, electrophilic aromatic substitution, and nucleophilic aromatic substitution. ",https://cdn.kastatic.org/genfiles/topic-icons/icons/aromatic_compounds.png-021ca4-128c.png,None,https://www.khanacademy.org/science/organic-chemistry/aromatic-compounds,Free,Khan Academy,organic chemistry
81,Aldehydes and ketones,"Aldehydes and ketones can be starting materials for a range of other functional groups. We will be learning about the nomenclature and reactions of aldehydes and ketones, including how to use acetals as protecting groups. ",https://cdn.kastatic.org/genfiles/topic-icons/icons/aldehydes_ketones.png-193daa-128c.png,None,https://www.khanacademy.org/science/organic-chemistry/aldehydes-ketones,Free,Khan Academy,organic chemistry
82,Carboxylic acids and derivatives,"Did you know that many fruit aromas including banana (isoamyl acetate) and pineapple (ethyl butanoate) come from molecules containing ester groups? These compounds can be synthesized from carboxylic acids using a reaction called Fischer esterification. We will be covering naming carboxylic acids, as well as the diverse chemistry of carboxylic acid derivatives such as acid chlorides, amides, esters, and anhydrides. ",https://cdn.kastatic.org/genfiles/topic-icons/icons/carboxylic_acids.png-ad5c92-128c.png,None,https://www.khanacademy.org/science/organic-chemistry/carboxylic-acids-derivatives,Free,Khan Academy,organic chemistry
83,Alpha carbon chemistry,"The carbon that is one carbon away from an aldehyde or ketone group is the alpha carbon. The deceptively innocuous hydrogens bonded to the alpha carbon can be involved in some classic organic chemistry reactions such as aldol condensations. We will be learning about the formation of enolate anions, and how they can be used in Aldol condensations to build complex organic molecules. ",https://cdn.kastatic.org/genfiles/topic-icons/icons/organic_chemistry.png-fe4e7d-128c.png,None,https://www.khanacademy.org/science/organic-chemistry/ochem-alpha-carbon-chemistry,Free,Khan Academy,organic chemistry
84,Amines,"Amines are found in many biologically active molecules. Two examples are the charmingly named putrescine and cadaverine, which are formed by the breakdown of amino acids. We will be discussing the IUPAC nomenclature of amines. ",https://cdn.kastatic.org/genfiles/topic-icons/icons/amines.png-f88a42-128c.png,None,https://www.khanacademy.org/science/organic-chemistry/amines-topic,Free,Khan Academy,organic chemistry
85,Spectroscopy,"Spectroscopy is the study of how light interacts with matter. We can use spectroscopy to determine the structure and functional groups in organic compounds. We will be learning about how to use IR, UV/Vis, and NMR spectroscopy.",https://cdn.kastatic.org/genfiles/topic-icons/icons/spectroscopy_jay.png-1b57a5-128c.png,None,https://www.khanacademy.org/science/organic-chemistry/spectroscopy-jay,Free,Khan Academy,organic chemistry
86,Intro to biology,New to biology? You're in the right place! Start your biological journey here.,https://cdn.kastatic.org/genfiles/topic-icons/icons/classical_genetics.png-b39283-128c.png,None,https://www.khanacademy.org/science/biology/intro-to-biology,Free,Khan Academy,biology
87,Chemistry of life,"Learn how chemistry makes life possible! From you, to your dog, to your dinner, to the global ecosystem, all living systems are made out of atoms that obey the basic rules of chemistry. Here, you can learn about the key properties of atoms, including what particles they contain, how they are organized, and how they form chemical bonds with one another.",https://cdn.kastatic.org/genfiles/topic-icons/icons/biology.png-8fe25b-128c.png,None,https://www.khanacademy.org/science/biology/chemistry--of-life,Free,Khan Academy,biology
88,"Water, acids, and bases","Where would we be without water? Well, we probably wouldn't exist at all!  Learn more about this fascinating molecule: its hydrogen bonds, its properties, and why it's a key ingredient for biological systems of all sizes. Plus, brush up on the acid-base chemistry that takes place in water (and learn how it works in your own bloodstream)!",https://cdn.kastatic.org/genfiles/topic-icons/icons/acids_bases.png-b5e1c5-128c.png,None,https://www.khanacademy.org/science/biology/water-acids-and-bases,Free,Khan Academy,biology
89,Properties of carbon,"Did you know that your body is approximately 18% carbon? Learn more about carbon and why it makes a great building block for biological molecules. We'll look at the bonding properties of carbon, the structures of hydrocarbons, different types of isomerism, and some functional groups important in biology.",https://cdn.kastatic.org/genfiles/topic-icons/icons/properties_of_carbon.png-b461c3-128c.png,None,https://www.khanacademy.org/science/biology/properties-of-carbon,Free,Khan Academy,biology
90,Macromolecules,"There's an old saying, ""You are what you eat."" In some senses, this is literally true! When we eat food, we take in the large biological molecules found in the food, including carbohydrates, proteins, lipids (such as fats), and nucleic acids (such as DNA), and use them to power our cells and build our bodies. Dive into the different types of macromolecules, what they are made up of, and how they are built up and broken down.",https://cdn.kastatic.org/genfiles/topic-icons/icons/macromolecules.png-ca6c6c-128c.png,None,https://www.khanacademy.org/science/biology/macromolecules,Free,Khan Academy,biology
91,Energy and enzymes,"You, like other living systems, are an amazing energy transformer. As you move your eyes to read these words, your body is busily converting chemical energy from your lunch into kinetic energy and thermal energy (heat). Learn more about how biological energy transfers work, as well as how protein machines called enzymes direct metabolic traffic through your cells.",https://cdn.kastatic.org/genfiles/topic-icons/icons/energy_and_enzymes.jpg-cafbb4-128c.jpeg,None,https://www.khanacademy.org/science/biology/energy-and-enzymes,Free,Khan Academy,biology
92,Structure of a cell,"You, my friend, are made up of cells. Lots and lots of them. Some of them are eukaryotic (human), but many more of them are prokaryotic, thanks to the friendly bacteria of your gut, skin, and other body systems. Jump in to learn more about prokaryotic and eukaryotic cells and the complex and beautiful structures inside of them.",https://cdn.kastatic.org/genfiles/topic-icons/icons/cells.png-104e92-128c.png,None,https://www.khanacademy.org/science/biology/structure-of-a-cell,Free,Khan Academy,biology
93,Membranes and transport,"How do the cells in your body define their boundaries (and control what comes in or goes out)? As it turns out, cells have a sophisticated and flexible barrier, the plasma membrane, and a wide array of strategies for transporting molecules in and out. Learn more about what the membrane's made of and how different types of molecules move across it.",https://cdn.kastatic.org/genfiles/topic-icons/icons/membranes_and_transport.png-4845e1-128c.png,None,https://www.khanacademy.org/science/biology/membranes-and-transport,Free,Khan Academy,biology
94,Cellular respiration,"How do your cells extract energy from the food that you eat? As it turns out, cells have a network of elegant metabolic pathways dedicated to just this task. Learn more about cellular respiration, fermentation, and other processes that extract energy from fuel molecules like glucose.",https://cdn.kastatic.org/genfiles/topic-icons/icons/cellular_respiration_and_fermentation.png-cd79d8-128c.png,None,https://www.khanacademy.org/science/biology/cellular-respiration-and-fermentation,Free,Khan Academy,biology
95,Photosynthesis,"There's a lot of carbon in your body - in DNA, proteins, carbohydrates, fats, and other key biological molecules. How did that carbon get there? Drumroll... photosynthesis! Learn how plants and other photosynthetic organisms use light energy to make sugars from carbon dioxide and water, bringing both chemical energy and readily usable carbon into Earth’s global ecosystem.",https://cdn.kastatic.org/genfiles/topic-icons/icons/photosynthesis_in_plants.png-801b8e-128c.png,None,https://www.khanacademy.org/science/biology/photosynthesis-in-plants,Free,Khan Academy,biology
96,Cell signaling,"Did you know that your cells are continually ""talking"" to one another? Cells communicate by sending and receiving chemical signals. This molecular conversation allows the cells in your body to coordinate their activities, forming a functional, harmonious whole (a.k.a., you!). Learn more about the remarkable process of cell signaling.",https://cdn.kastatic.org/genfiles/topic-icons/icons/cell_signaling.png-520820-128c.png,None,https://www.khanacademy.org/science/biology/cell-signaling,Free,Khan Academy,biology
97,Cell division,"All living things, including you, are made up of cells. Find out how cells divide through mitosis and meiosis, how the cell cycle is controlled, and how problems in cell cycle control can lead to cancer.",https://cdn.kastatic.org/genfiles/topic-icons/icons/cellular_molecular_biology.png-d20de7-128c.png,None,https://www.khanacademy.org/science/biology/cellular-molecular-biology,Free,Khan Academy,biology
98,Classical and molecular genetics,"Have you ever been told that you have your mother's eyes or grandfather's nose? Learn why traits run in families and how they're passed on. We'll look at Mendel's model of inheritance, see how it's been revised and extended in the past 150 years, and get a sneak preview of the modern concept of a gene.",https://cdn.kastatic.org/genfiles/topic-icons/icons/classical_genetics.png-b39283-128c.png,None,https://www.khanacademy.org/science/biology/classical-genetics,Free,Khan Academy,biology
99,DNA as the genetic material,"What exactly is DNA? This seemingly simple polymer, made up of just four different types of monomers, serves as the genetic material for all living organisms. For example, your DNA provides instructions for building and maintaining your unique body and can be passed on if you have children. Learn more about the discovery, structure, and synthesis of this remarkable molecule.",https://cdn.kastatic.org/genfiles/topic-icons/icons/cells.png-104e92-128c.png,None,https://www.khanacademy.org/science/biology/dna-as-the-genetic-material,Free,Khan Academy,biology
100,Central dogma (DNA to RNA to protein),"How does a gene in your DNA provide instructions for building a protein? In gene expression, a DNA sequence is first copied to make an RNA molecule, which is then ""decoded"" to build a protein. Learn more about this remarkable process, shared by all living things.",https://cdn.kastatic.org/genfiles/topic-icons/icons/biology.png-8fe25b-128c.png,None,https://www.khanacademy.org/science/biology/gene-expression-central-dogma,Free,Khan Academy,biology
101,Gene regulation,"You have tens of thousands of genes in your genome. Does that mean your cells express all of those genes, all the time? Not by a long shot! Even an organism as simple as a bacterium must carefully regulate gene expression, ensuring that the right genes are expressed at the right time. Learn more about the mechanisms cells use to turn genes ""on"" and ""off.""",https://cdn.kastatic.org/genfiles/topic-icons/icons/biology.png-8fe25b-128c.png,None,https://www.khanacademy.org/science/biology/gene-regulation,Free,Khan Academy,biology
102,Biotechnology,"What is biotechnology? Well, if you've ever taken the antibiotic penicillin or eaten bread made with yeast, you've experienced it firsthand! Biotechnology is the use of a living organism, or some component of a living system, to make a useful product. Learn more about modern biotechnology and how it is used in research and biomedical applications.",https://cdn.kastatic.org/genfiles/topic-icons/icons/biology.png-8fe25b-128c.png,None,https://www.khanacademy.org/science/biology/biotech-dna-technology,Free,Khan Academy,biology
103,Developmental biology,"Did you know that a frog starts out as a single cell? In fact, so do dogs, elephants, and even human beings! Learn how multicellular organisms end up with many different cell types, organized into the tissues and organs of the body.",https://cdn.kastatic.org/genfiles/topic-icons/icons/hematologic_system.png-25cdc3-128c.png,None,https://www.khanacademy.org/science/biology/developmental-biology,Free,Khan Academy,biology
104,Bacteria and archaea,"They're everywhere. They number in the millions of trillions of trillions. They live on every surface, in every environment, and even in your gut. That's right...I'm talking about prokaryotes! Learn more about bacteria and archaea.",https://cdn.kastatic.org/genfiles/topic-icons/icons/biology.png-8fe25b-128c.png,None,https://www.khanacademy.org/science/biology/bacteria-archaea,Free,Khan Academy,biology
105,Viruses,"Viruses: Are they alive? Are they dead? Are they...undead? Learn more about these fascinating (and clinically important) particles that occupy a ""gray area"" between living and non-living things.",https://cdn.kastatic.org/genfiles/topic-icons/icons/infectious_diseases.png-5035b7-128c.png,None,https://www.khanacademy.org/science/biology/biology-of-viruses,Free,Khan Academy,biology
106,Evolution and the tree of life,"Discover the diversity of life on Earth and the forces that shape it! In this section, you can learn about evolution, natural selection, and the tree of life, as well as basic population genetics. Special bonus: take a peek into the amazing worlds of bacteria and viruses.",https://cdn.kastatic.org/genfiles/topic-icons/icons/evolution.png-f8de01-128c.png,None,https://www.khanacademy.org/science/biology/her,Free,Khan Academy,biology
107,History of life on Earth,"Our planet has an amazing history spanning about 4.5 billion years! Learn more about how Earth formed, the early history of life on Earth, and the origins of humans.",https://cdn.kastatic.org/genfiles/topic-icons/icons/biology.png-8fe25b-128c.png,None,https://www.khanacademy.org/science/biology/history-of-life-on-earth,Free,Khan Academy,biology
108,Ecology,"Why are polar bears found only in the Arctic? Why does mildew grow in your shower and not (hopefully) in your sock drawer? Learn how ecologists study the interactions between organisms and their environment, and how these interactions affect where, and in what numbers, different types of organisms are found.",https://cdn.kastatic.org/genfiles/topic-icons/icons/biology.png-8fe25b-128c.png,None,https://www.khanacademy.org/science/biology/ecology,Free,Khan Academy,biology
109,Biodiversity and conservation,"From penguins to palm trees to bacteria, our planet is host to an awe-inspiring diversity of organisms. Dive deep into Earth's breathtaking biodiversity, learn why this biodiversity is in peril today, and discover what you can do to protect the species and ecosystems that support human life on Earth. This content is provided by the California Academy of Sciences.",https://cdn.kastatic.org/genfiles/topic-icons/icons/biology.png-8fe25b-128c.png,None,https://www.khanacademy.org/science/biology/biodiversity-and-conservation,Free,Khan Academy,biology
110,Behavioral biology,"What do a dog begging for food, and ant leaving a chemical trail to food, and a human baby learning language all have in common? These are all examples of behaviors. Behavior is a crucial way that animals interact with each other and with their environment. Learn more about types of animal behaviors and how behavior is shaped by genes and environment.",https://cdn.kastatic.org/genfiles/topic-icons/icons/mental_health.png-885be5-128c.png,None,https://www.khanacademy.org/science/biology/behavioral-biology,Free,Khan Academy,biology
111,Principles of physiology,"How is your body organized? How do your organ systems work together to keep you running? What keeps your blood at the right pH or your body at the right temperature? Learn more about tissues, organs, and organ systems and the control mechanisms that keep internal conditions steady in humans and other animals.",https://cdn.kastatic.org/genfiles/topic-icons/icons/biology.png-8fe25b-128c.png,None,https://www.khanacademy.org/science/biology/principles-of-physiology,Free,Khan Academy,biology
112,Human biology,"Your body is an amazing system! The human body is made up of groups of organs, called organ systems, that work together to keep the body in balance. In this section, we'll travel from the circulatory system, to the nervous system, to the immune system and beyond. Learn about the amazing biology that keeps your body ticking!",https://cdn.kastatic.org/genfiles/topic-icons/icons/human_biology.png-8372af-128c.png,None,https://www.khanacademy.org/science/biology/human-biology,Free,Khan Academy,biology
113,Plant biology,"Plants may seem less interactive than animals. But they actually have many ways of responding to their environment, changing their growth or physiology to make the best use of available resources. Learn more about plants and their response to environmental cues.",https://cdn.kastatic.org/genfiles/topic-icons/icons/biology.png-8fe25b-128c.png,None,https://www.khanacademy.org/science/biology/plant-biology,Free,Khan Academy,biology
114,Crash Course: Biology and Ecology,"Brush up on a wide range of biology topics, from biochemistry to mitosis to ecology, with fun and informative Crash Course videos!",https://cdn.kastatic.org/genfiles/topic-icons/icons/crash_course.jpg-f2d8cc-128c.jpeg,None,https://www.khanacademy.org/science/biology/crash-course-bio-ecology,Free,Khan Academy,biology
115,Meet the biology professional,"Do you enjoy your biology class, like nature, have an interest in medicine, or simply feel lots of curiosity about living things? If so, you may be thinking about focusing on or majoring in biology. Learn more about what it's like to be a biologist by hearing from professionals in a wide range of fields, from primatology to personalized genetics to high school teaching!",https://cdn.kastatic.org/genfiles/topic-icons/icons/meet_a_chemistry_professional.png-d670b8-128c.png,None,https://www.khanacademy.org/science/biology/meet-the-biology-professional,Free,Khan Academy,biology
116,Biology foundations,An introduction to biology along with some of the chemistry basics to help you understand the beauty of life!,https://cdn.kastatic.org/genfiles/topic-icons/icons/science.png-3b6492-128c.png,None,https://www.khanacademy.org/science/high-school-biology/biology-foundations,Free,Khan Academy,high school biology
117,Cells,,https://cdn.kastatic.org/genfiles/topic-icons/icons/science.png-3b6492-128c.png,None,https://www.khanacademy.org/science/high-school-biology/hs-cells,Free,Khan Academy,high school biology
118,Cellular transport,,https://cdn.kastatic.org/genfiles/topic-icons/icons/science.png-3b6492-128c.png,None,https://www.khanacademy.org/science/high-school-biology/hs-cellular-transport,Free,Khan Academy,high school biology
119,Energy and metabolism,,https://cdn.kastatic.org/genfiles/topic-icons/icons/science.png-3b6492-128c.png,None,https://www.khanacademy.org/science/high-school-biology/hs-energy-and-metabolism,Free,Khan Academy,high school biology
120,Reproduction and cell division,,https://cdn.kastatic.org/genfiles/topic-icons/icons/science.png-3b6492-128c.png,None,https://www.khanacademy.org/science/high-school-biology/hs-reproduction-and-cell-division,Free,Khan Academy,high school biology
121,Human body systems,,https://cdn.kastatic.org/genfiles/topic-icons/icons/science.png-3b6492-128c.png,None,https://www.khanacademy.org/science/high-school-biology/hs-human-body-systems,Free,Khan Academy,high school biology
122,Scale of the universe,"Things in our universe can be unimaginably large and small.  In this topic, we'll try to imagine the unimaginable!",https://cdn.kastatic.org/genfiles/topic-icons/icons/universe_scale.png-9fa814-128c.png,None,https://www.khanacademy.org/science/cosmology-and-astronomy/universe-scale-topic,Free,Khan Academy,cosmology and astronomy
123,"Stars, black holes and galaxies",Our universe is defined by stars.  This topic explores how they came to be and where they end up.  This includes a discussion of black holes and galaxies.,https://cdn.kastatic.org/genfiles/topic-icons/icons/stellar_life.jpg-223af0-128c.jpeg,None,https://www.khanacademy.org/science/cosmology-and-astronomy/stellar-life-topic,Free,Khan Academy,cosmology and astronomy
124,Earth geological and climatic history,What is the Earth made up of and how do we know?  What causes the seasons?  Are there longer-ranging cycles in Earth's climate?,https://cdn.kastatic.org/genfiles/topic-icons/icons/earth_history.jpg-a98879-128c.jpeg,None,https://www.khanacademy.org/science/cosmology-and-astronomy/earth-history-topic,Free,Khan Academy,cosmology and astronomy
125,Life on earth and in the universe,When and how did life emerge on Earth?  How did humanity develop a civilization?  Is there other intelligent life out there?,https://cdn.kastatic.org/genfiles/topic-icons/icons/life_on_earth.jpg-e68c89-128c.jpeg,None,https://www.khanacademy.org/science/cosmology-and-astronomy/life-earth-universe,Free,Khan Academy,cosmology and astronomy
126,Introduction to electrical engineering,"A summary of the math and science preparation that will help you have the best experience with electrical engineering taught on Khan Academy. Become familiar with engineering numbers and notation, and learn about the two most important electrical quantities: current and voltage.",https://cdn.kastatic.org/genfiles/topic-icons/icons/electrical_engineering.png-da92ce-128c.png,None,https://www.khanacademy.org/science/electrical-engineering/introduction-to-ee,Free,Khan Academy,electrical engineering
127,Circuit analysis,"Circuit analysis is the process of finding all the currents and voltages in a network of connected components. We look at the basic elements used to build circuits, and find out what happens when elements are connected together into a circuit. ",https://cdn.kastatic.org/genfiles/topic-icons/icons/electrical_engineering.png-da92ce-128c.png,None,https://www.khanacademy.org/science/electrical-engineering/ee-circuit-analysis-topic,Free,Khan Academy,electrical engineering
128,Amplifiers,"Amplifiers make signals bigger. Amplification is often the most basic operation of an electronic circuit. There are many kinds of amplifier designs. We will describe the operational amplifier, the building block of most analog electronics. ",https://cdn.kastatic.org/genfiles/topic-icons/icons/electrical_engineering.png-da92ce-128c.png,None,https://www.khanacademy.org/science/electrical-engineering/ee-amplifiers,Free,Khan Academy,electrical engineering
129,Semiconductor devices,,https://cdn.kastatic.org/genfiles/topic-icons/icons/electrical_engineering.png-da92ce-128c.png,None,https://www.khanacademy.org/science/electrical-engineering/ee-semiconductor-devices,Free,Khan Academy,electrical engineering
130,Electrostatics,"Electrostatics is the study of forces between charges, as described by Coulomb's Law. We develop the concept of an electric field surrounding charges. We work through examples of the electric field near a line, and near a plane, and develop formal definitions of both *electric potential* and *voltage*.",https://cdn.kastatic.org/genfiles/topic-icons/icons/electrical_engineering.png-da92ce-128c.png,None,https://www.khanacademy.org/science/electrical-engineering/ee-electrostatics,Free,Khan Academy,electrical engineering
131,Signals and systems,"Signals and Systems covers analog and digital signal processing, ideas at the heart of modern communication and measurement. We present the basic concepts for continuous-time and discrete-time signals in the time and frequency domains. Time and frequency are related by the Fourier transform. ",https://cdn.kastatic.org/genfiles/topic-icons/icons/electrical_engineering.png-da92ce-128c.png,None,https://www.khanacademy.org/science/electrical-engineering/ee-signals,Free,Khan Academy,electrical engineering
132,Home-made robots,"Start your own robotics project with Spout, Spider, and Bit-zee!",https://cdn.kastatic.org/genfiles/topic-icons/icons/discoveries.png-57bbe3-128c.png,None,https://www.khanacademy.org/science/electrical-engineering/robots,Free,Khan Academy,electrical engineering
133,Lego robotics,Introduction to the Lego NXT robotics platform,https://cdn.kastatic.org/genfiles/topic-icons/icons/electrical_engineering.png-da92ce-128c.png,None,https://www.khanacademy.org/science/electrical-engineering/lego-robotics,Free,Khan Academy,electrical engineering
134,Reverse engineering,Videos exploring the way things work.,https://cdn.kastatic.org/genfiles/topic-icons/icons/reverse_engineering.jpg-7b7afc-128c.jpeg,None,https://www.khanacademy.org/science/electrical-engineering/reverse-engin,Free,Khan Academy,electrical engineering
135,GDP: Measuring national income,Circular flow of income and expenditure.  Gross domestic product.,https://cdn.kastatic.org/genfiles/topic-icons/icons/gdp.png-998a41-128c.png,None,https://www.khanacademy.org/economics-finance-domain/macroeconomics/gdp-topic,Free,Khan Academy,macroeconomics
136,Inflation - measuring the cost of living,Inflation and deflation.  CPI-U. Real and nominal return.  Phillips Curve.,https://cdn.kastatic.org/genfiles/topic-icons/icons/inflation.png-19c585-128c.png,None,https://www.khanacademy.org/economics-finance-domain/macroeconomics/inflation-topic,Free,Khan Academy,macroeconomics
137,Aggregate demand and aggregate supply,Aggregate demand and aggregate supply. Keynesian thinking. Demand-pull and cost-push inflation.  Fiscal and monetary policy.,https://cdn.kastatic.org/genfiles/topic-icons/icons/aggregate_demand_supply.png-d218ed-128c.png,None,https://www.khanacademy.org/economics-finance-domain/macroeconomics/aggregate-supply-demand-topic,Free,Khan Academy,macroeconomics
138,The monetary system,Fractional reserve banking and the money supply.,https://cdn.kastatic.org/genfiles/topic-icons/icons/monetary_system.png-516782-128c.png,None,https://www.khanacademy.org/economics-finance-domain/macroeconomics/monetary-system-topic,Free,Khan Academy,macroeconomics
139,Income and expenditure: Keynesian cross and IS-LM model,Consumption function.  Marginal propensity to consume and multiplier.  Keynesian Cross and IS-LM model.,https://cdn.kastatic.org/genfiles/topic-icons/icons/income_expenditure.png-d7ed16-128c.png,None,https://www.khanacademy.org/economics-finance-domain/macroeconomics/income-and-expenditure-topic,Free,Khan Academy,macroeconomics
140,Foreign exchange and trade,Balance of payments.  Current account.  Capital account.  Currency reserves and speculative attacks.,https://cdn.kastatic.org/genfiles/topic-icons/icons/foreign_exchange.png-28cfaf-128c.png,None,https://www.khanacademy.org/economics-finance-domain/macroeconomics/forex-trade-topic,Free,Khan Academy,macroeconomics
141,"Supply, demand, and market equilibrium","The core ideas in microeconomics.  Supply, demand and equilibrium.",https://cdn.kastatic.org/genfiles/topic-icons/icons/supply_demand.png-c1868e-128c.png,None,https://www.khanacademy.org/economics-finance-domain/microeconomics/supply-demand-equilibrium,Free,Khan Academy,microeconomics
142,Elasticity,Price elasticity of demand and supply.  How sensitive are things to change in price?,https://cdn.kastatic.org/genfiles/topic-icons/icons/elasticity.png-7d47b2-128c.png,None,https://www.khanacademy.org/economics-finance-domain/microeconomics/elasticity-tutorial,Free,Khan Academy,microeconomics
143,Consumer and producer surplus,,https://cdn.kastatic.org/genfiles/topic-icons/icons/consumer_producer_surplus.png-e0a6bf-128c.png,None,https://www.khanacademy.org/economics-finance-domain/microeconomics/consumer-producer-surplus,Free,Khan Academy,microeconomics
144,"Scarcity, possibilities, preferences and opportunity cost","How do you decide what to produce or trade?  How can you maximize happiness in a world of scarcity.  What are you giving up when you choose something (i.e., opportunity cost)?",https://cdn.kastatic.org/genfiles/topic-icons/icons/scarcity.png-e2eb33-128c.png,None,https://www.khanacademy.org/economics-finance-domain/microeconomics/choices-opp-cost-tutorial,Free,Khan Academy,microeconomics
145,Production decisions and economic profit,Economic profit vs. accounting profit.  Average total cost (ATC) and marginal cost (MC).  Marginal product of labor (MPL).  Price discrimination.,https://cdn.kastatic.org/genfiles/topic-icons/icons/production_decisions.png-9e7723-128c.png,None,https://www.khanacademy.org/economics-finance-domain/microeconomics/firm-economic-profit,Free,Khan Academy,microeconomics
146,Forms of competition,,https://cdn.kastatic.org/genfiles/topic-icons/icons/forms_of_competition.png-bc8786-128c.png,None,https://www.khanacademy.org/economics-finance-domain/microeconomics/perfect-competition-topic,Free,Khan Academy,microeconomics
147,Game theory and Nash equilibrium,,https://cdn.kastatic.org/genfiles/topic-icons/icons/game_theory.png-e4423e-128c.png,None,https://www.khanacademy.org/economics-finance-domain/microeconomics/nash-equilibrium-tutorial,Free,Khan Academy,microeconomics
148,Interest and debt,,https://cdn.kastatic.org/genfiles/topic-icons/icons/interest_debt.png-8b8bc1-128c.png,None,https://www.khanacademy.org/economics-finance-domain/core-finance/interest-tutorial,Free,Khan Academy,core finance
149,Housing,,https://cdn.kastatic.org/genfiles/topic-icons/icons/housing.png-c99e1b-128c.png,None,https://www.khanacademy.org/economics-finance-domain/core-finance/housing,Free,Khan Academy,core finance
150,Inflation,,https://cdn.kastatic.org/genfiles/topic-icons/icons/inflation.png-19c585-128c.png,None,https://www.khanacademy.org/economics-finance-domain/core-finance/inflation-tutorial,Free,Khan Academy,core finance
151,Taxes,,https://cdn.kastatic.org/genfiles/topic-icons/icons/taxes.png-cb3be3-128c.png,None,https://www.khanacademy.org/economics-finance-domain/core-finance/taxes-topic,Free,Khan Academy,core finance
152,Accounting and financial statements,,https://cdn.kastatic.org/genfiles/topic-icons/icons/accounting.png-2cfd73-128c.png,None,https://www.khanacademy.org/economics-finance-domain/core-finance/accounting-and-financial-stateme,Free,Khan Academy,core finance
153,Stocks and bonds,,https://cdn.kastatic.org/genfiles/topic-icons/icons/stocks_bonds.png-b27c14-128c.png,None,https://www.khanacademy.org/economics-finance-domain/core-finance/stock-and-bonds,Free,Khan Academy,core finance
154,"Investment vehicles, insurance, and retirement",Let your money travel through time! Investment vehicles let you spend money now to get more money later (they usually have nothing to do with cars). Insurance is a way of spending money now to protect against future losses.,https://cdn.kastatic.org/genfiles/topic-icons/icons/insurance_retirement.png-51aeb5-128c.png,None,https://www.khanacademy.org/economics-finance-domain/core-finance/investment-vehicles-tutorial,Free,Khan Academy,core finance
155,"Money, banking and central banks",,https://cdn.kastatic.org/genfiles/topic-icons/icons/money_banking.png-7156df-128c.png,None,https://www.khanacademy.org/economics-finance-domain/core-finance/money-and-banking,Free,Khan Academy,core finance
156,"Options, swaps, futures, MBSs, CDOs, and other derivatives",,https://cdn.kastatic.org/genfiles/topic-icons/icons/derivative_securities.png-1f6109-128c.png,None,https://www.khanacademy.org/economics-finance-domain/core-finance/derivative-securities,Free,Khan Academy,core finance
157,Current economics,Discussions of current events and how they relate to economic topics.,https://cdn.kastatic.org/genfiles/topic-icons/icons/current_economics.png-6facb8-128c.png,None,https://www.khanacademy.org/economics-finance-domain/core-finance/current-economics,Free,Khan Academy,core finance
158,The historian's toolkit,"Learning about history isn't all grabbing golden idols from caves and running away from giant boulders. In this tutorial, learn the skills that historians use to interpret primary documents, write strong arguments, and answer questions about the past. ",https://cdn.kastatic.org/genfiles/topic-icons/icons/ancient_medieval.jpg-aae6c3-128c.jpeg,None,https://www.khanacademy.org/humanities/us-history/historians-toolkit,Free,Khan Academy,us history
159,Worlds collide (1491-1607),"The history of North America began long before Columbus set foot in a new world. But once he did, things would never be the same.",https://cdn.kastatic.org/genfiles/topic-icons/icons/native_north_america.jpg-2b9e46-128c.jpeg,None,https://www.khanacademy.org/humanities/us-history/precontact-and-early-colonial-era,Free,Khan Academy,us history
160,Colonial America (1607-1754),"From Jamestown until the early stirrings of the American Revolution, colonial America became the foundation of the United States. ",https://cdn.kastatic.org/genfiles/topic-icons/icons/british_colonies.jpg-e6a00c-128c.jpeg,None,https://www.khanacademy.org/humanities/us-history/colonial-america,Free,Khan Academy,us history
161,The road to revolution (1754-1800),From colony to nation. Explore the dramatic events that separated the United States from Britain and the trials of the young republic and its citizens. ,https://cdn.kastatic.org/genfiles/topic-icons/icons/surveys_of_history.jpg-8d440c-128c.jpeg,None,https://www.khanacademy.org/humanities/us-history/road-to-revolution,Free,Khan Academy,us history
162,The early republic (1800-1848),"In the early nineteenth century, the United States expanded rapidly, fueled by new technology, growing markets, and the extension of democracy to all white men. But this prosperity came at a cost, gobbling up the lands of Native Americans in the West and the labor of enslaved people in the South. ",https://cdn.kastatic.org/genfiles/topic-icons/icons/us_art_19c.jpg-3edcc8-128c.jpeg,None,https://www.khanacademy.org/humanities/us-history/the-early-republic,Free,Khan Academy,us history
163,The Civil War era (1844-1877),"A house divided against itself cannot stand. The United States could no longer remain half-slave and half-free, and the ensuing war over the fate of slavery ripped apart the nation. ",https://cdn.kastatic.org/genfiles/topic-icons/icons/getty_photographs_films.jpg-e98928-128c.jpeg,None,https://www.khanacademy.org/humanities/us-history/civil-war-era,Free,Khan Academy,us history
164,The Gilded Age (1865-1898),"After the Civil War, the United States emerged as the world's foremost industrial power. With that came great wealth and great poverty. ",https://cdn.kastatic.org/genfiles/topic-icons/icons/victorian_art_architecture.jpg-5b8fcc-128c.jpeg,None,https://www.khanacademy.org/humanities/us-history/the-gilded-age,Free,Khan Academy,us history
165,Rise to world power (1890-1945),"At the end of the 19th century, the industrial might of the United States propelled it into great power status. In the early 20th century, the United States grappled with its new role in the world and the effects of the second Industrial Revolution at home. ",https://cdn.kastatic.org/genfiles/topic-icons/icons/s1900_present.jpg-a88f48-128c.jpeg,None,https://www.khanacademy.org/humanities/us-history/rise-to-world-power,Free,Khan Academy,us history
166,The postwar era (1945-1980),The United States emerged from World War II as the wealthiest and most powerful nation in the world. But staying on top isn't easy. ,https://cdn.kastatic.org/genfiles/topic-icons/icons/nasa_welcome.jpg-281e18-128c.jpeg,None,https://www.khanacademy.org/humanities/us-history/postwarera,Free,Khan Academy,us history
167,The modern era (1980-present),"Since the election of Ronald Reagan in 1980, the Cold War has ended and a new, global era has emerged. What does that mean for the United States? ",https://cdn.kastatic.org/genfiles/topic-icons/icons/american_civics.jpg-ca5a0f-128c.jpeg,None,https://www.khanacademy.org/humanities/us-history/modern-us,Free,Khan Academy,us history
168,American civics,What is the Electoral College? How does Social Security work? Learn the answers to these questions and more in American civics. ,https://cdn.kastatic.org/genfiles/topic-icons/icons/american_civics.jpg-ca5a0f-128c.jpeg,None,https://www.khanacademy.org/humanities/us-history/american-civics-parent,Free,Khan Academy,us history
169,Surveys of history,The tutorials in this topic will take you on sweeping journeys through time so that you can get the really BIG picture for how things fit together.,https://cdn.kastatic.org/genfiles/topic-icons/icons/surveys_of_history.jpg-8d440c-128c.jpeg,None,https://www.khanacademy.org/humanities/us-history/history-survey,Free,Khan Academy,us history
170,Beginnings - 600 BCE,Where did humans come from and how did those early communities function? How did the advent of agriculture change human society (neolithic revolution)?,https://cdn.kastatic.org/genfiles/topic-icons/icons/humanities.jpg-9fb720-128c.jpeg,None,https://www.khanacademy.org/humanities/world-history/world-history-beginnings,Free,Khan Academy,world history
171,600 BCE - 600 CE Second-Wave Civilizations,"This period lays the foundation for much of civilization as we know it today. The classical Greeks lay the cultural foundation for Western civilization. The Achaemenid Persians under Cyrus unify much of the Middle East and Egypt. Alexander the Great unifies Greece with Persia. Later, the Roman Empire dominates the Mediterranean and Europe.",https://cdn.kastatic.org/genfiles/topic-icons/icons/ancient_medieval.jpg-aae6c3-128c.jpeg,None,https://www.khanacademy.org/humanities/world-history/ancient-medieval,Free,Khan Academy,world history
172,600 - 1450 Regional and interregional interactions ,"The development and expansion of Islam spurs greater cross-cultural interactions with Europe, Africa, and Asia. State-building in China. Migrations in Africa and the Pacific. Human movement spreads knowledge, goods, and disease.   ",https://cdn.kastatic.org/genfiles/topic-icons/icons/medieval_book.jpg-6efb3d-128c.jpeg,None,https://www.khanacademy.org/humanities/world-history/medieval-times,Free,Khan Academy,world history
173,1450 - 1750 Renaissance and Reformation,A tutorial about the Protestant Reformation,https://cdn.kastatic.org/genfiles/topic-icons/icons/high_ren_florence_rome.jpg-bd9aeb-128c.jpeg,None,https://www.khanacademy.org/humanities/world-history/renaissance-and-reformation,Free,Khan Academy,world history
174,1750 -1900 Enlightenment and Revolution,"Do we need kings?  Can people govern themselves?  What rights do we all have?  Can science and understanding uplift all of humanity?

This topic lays the foundation for our modern thinking about the world.  From democratic revolutions to the establishment of empires backed by industrial power.",https://cdn.kastatic.org/genfiles/topic-icons/icons/s1700_1900.jpg-31031d-128c.jpeg,None,https://www.khanacademy.org/humanities/world-history/1600s-1800s,Free,Khan Academy,world history
175,The 20th century ,You cannot properly understand current world events without understanding the history of the 20th Century. This topic takes us on a journey from the end of Imperialism through two world wars and the Cold War and brings us to our modern world.,https://cdn.kastatic.org/genfiles/topic-icons/icons/s1900_present.jpg-a88f48-128c.jpeg,None,https://www.khanacademy.org/humanities/world-history/euro-hist,Free,Khan Academy,world history
176,Special topics in art history,,https://cdn.kastatic.org/genfiles/topic-icons/icons/humanities.jpg-9fb720-128c.jpeg,None,https://www.khanacademy.org/humanities/special-topics-art-history,Free,Khan Academy,art history
177,Art history basics,"Brought to you by Smarthistory. We understand the history of humanity through art. From prehistoric depictions of woolly mammoths to contemporary abstraction, artists have addressed their time and place in history and have expressed universal human truths for tens of thousands of years. ",https://cdn.kastatic.org/genfiles/topic-icons/icons/art_history_basics.jpg-5e54a9-128c.jpeg,None,https://www.khanacademy.org/humanities/art-history-basics,Free,Khan Academy,art history
178,Prehistoric art in Europe and West Asia,"Brought to you by Smarthistory. You’ve seen the drawing of human evolution showing a procession of monkey, ape, primitive and modern man? Well, somewhere along that line early man could be shown holding a paint brush and a chisel. Mankind has been making art for at least 100,000 years. Why was the earliest art made? What might it have once meant? ""Prehistoric"" refers to a time before writing, which makes these questions particularly difficult to answer—but fascinating to contemplate.",https://cdn.kastatic.org/genfiles/topic-icons/icons/prehistoric_art.jpg-2ba886-128c.jpeg,None,https://www.khanacademy.org/humanities/prehistoric-art,Free,Khan Academy,art history
179,Ancient Mediterranean,"Brought to you by Smarthistory.  3000 B.C.E. - 400 C.E.: The Great Pyramids at Giza, the Parthenon in Athens, the Colosseum in Rome and more.",https://cdn.kastatic.org/genfiles/topic-icons/icons/ancient_art_civilizations.jpg-3a6d36-128c.jpeg,None,https://www.khanacademy.org/humanities/ancient-art-civilizations,Free,Khan Academy,art history
180,Medieval Europe + Byzantine,Brought to you by Smarthistory. 400-1400: This was the period during which Christianity first flourished in Europe. Christianity—and specifically Catholicism in the Latin West—brought with it new ways of seeing the world while often rejecting the traditions and learning of the ancient world.,https://cdn.kastatic.org/genfiles/topic-icons/icons/medieval_world.jpg-3f97b1-128c.jpeg,None,https://www.khanacademy.org/humanities/medieval-world,Free,Khan Academy,art history
181,Art of the Islamic world,Brought to you by Smarthistory. Studying the Art of the Islamic world is challenging—partially because of the large geographic and chronological scope of Islam. Islam has been a major religion and cultural force for over fourteen centuries and continues to be so today. ,https://cdn.kastatic.org/genfiles/topic-icons/icons/art_islam.jpg-df492f-128c.jpeg,None,https://www.khanacademy.org/humanities/art-islam,Free,Khan Academy,art history
182,Europe 1300-1800,"Brought to you by Smarthistory. 1400-1600: In part, the Renaissance was a rebirth of interest in ancient Greek and Roman culture. It was also a period of economic prosperity in Europe—particularly in Italy and in Northern Europe. In 1517 a German theologian and monk, Martin Luther, challenged the authority of the Pope and sparked the Protestant Reformation. By challenging the power of the Church, and asserting the authority of individual conscience, the Reformation laid the foundation for the value that modern culture places on the individual. ",https://cdn.kastatic.org/genfiles/topic-icons/icons/renaissance_reformation.jpg-ae6058-128c.jpeg,None,https://www.khanacademy.org/humanities/renaissance-reformation,Free,Khan Academy,art history
183,Baroque to Neoclassical art in Europe,"Brought to you by Smarthistory. 1600-1800: The monarchs of Europe embraced the most ornate elements of 17th-century art. Rulers invested vast resources on elaborate church facades, stunning, gold-covered chapels and strikingly-realistic painting and sculpture. While in the newly independent Dutch Republic, a market emerged to meet the Protestant tastes of the growing merchant class. By the 18th century, Voltaire, Rousseau and other intellectuals had put forward Enlightenment ideas that would spark an age of revolution and usher in the modern world.",https://cdn.kastatic.org/genfiles/topic-icons/icons/monarchy_enlightenment.jpg-e32857-128c.jpeg,None,https://www.khanacademy.org/humanities/monarchy-enlightenment,Free,Khan Academy,art history
184,Art of the Americas to World War I,Brought to you by Smarthistory. Here's where you'll find art from the ancient cultures of North and South America (and what we call Mesoamerica) through the period of European colonization and independence—and into the 19th century.,https://cdn.kastatic.org/genfiles/topic-icons/icons/art_of_americas.jpg-1cdb22-128c.jpeg,None,https://www.khanacademy.org/humanities/art-americas,Free,Khan Academy,art history
185,Art in 19th century Europe,"Brought to you by Smarthistory. People use the term “modern” in a variety of ways—often very loosely, with a lot of implied associations of new, contemporary, up-to-date, and technological. The development of capitalism, urban culture, technology, and a growing middle class had an enormous impact on art.",https://cdn.kastatic.org/genfiles/topic-icons/icons/becoming_modern.jpg-503fac-128c.jpeg,None,https://www.khanacademy.org/humanities/becoming-modern,Free,Khan Academy,art history
186,Modernisms 1900-1980,"Brought to you by Smarthistory. This is the era of ""isms""—Fauvism, Expressionism, Cubism, Surrealism, Abstract Expressionism and more. The avant-garde is unleashed in the 20th century and explores both abstraction and representation as a means to ""represent"" the radical changes, violence, alienation, and beauty that characterize the century.",https://cdn.kastatic.org/genfiles/topic-icons/icons/art_1010.jpg-457e21-128c.jpeg,None,https://www.khanacademy.org/humanities/art-1010,Free,Khan Academy,art history
187,Global contemporary art,"Brought to you by Smarthistory. 1970-the present: Beuys, Hirst, Hadid and more.",https://cdn.kastatic.org/genfiles/topic-icons/icons/global_culture.jpg-464a94-128c.jpeg,None,https://www.khanacademy.org/humanities/global-culture,Free,Khan Academy,art history
188,Art of Asia,"Brought to you by Smarthistory. This section looks at the art and cultures of Imperial China (for ancient China please see the section, ""Ancient Art and Civilizations"" above), Hindu and Buddhist from South Asia, the great temple and palace complexes of Southeast Asia, and the art and architecture of Korea and Japan. Dr. Beth Harris and Dr. Steven Zucker of Smarthistory together with leading art historians, and our museum partners have created hundreds of short engaging conversational videos and articles, making Khan Academy one of the most accessible and extensive resources for the study of the history of art.",https://cdn.kastatic.org/genfiles/topic-icons/icons/art_asia.jpg-fa0ed5-128c.jpeg,None,https://www.khanacademy.org/humanities/art-asia,Free,Khan Academy,art history
189,Art of Africa,Brought to you by Smarthistory. Discover the diverse arts of Africa from select cultures and time periods on the world’s second largest continent.,https://cdn.kastatic.org/genfiles/topic-icons/icons/art_of_africa.jpg-32a346-128c.jpeg,None,https://www.khanacademy.org/humanities/art-africa,Free,Khan Academy,art history
190,Art of Oceania,"Brought to you by Smarthistory. Oceania is a vast area of the Pacific Ocean that includes the island regions of Melanesia, Micronesia, and Polynesia.",https://cdn.kastatic.org/genfiles/topic-icons/icons/art_of_oceania.jpg-9f8994-128c.jpeg,None,https://www.khanacademy.org/humanities/art-oceania,Free,Khan Academy,art history
191,For teachers,"Brought to you by Smarthistory. Look here for syllabi, sample discussion questions, and other useful resources for teachers.",https://cdn.kastatic.org/genfiles/topic-icons/icons/for_teachers.jpg-510db5-128c.jpeg,None,https://www.khanacademy.org/humanities/art-history-for-teachers,Free,Khan Academy,art history
192,Introduction to grammar,,https://cdn.kastatic.org/genfiles/topic-icons/icons/grammar.jpg-13dd1a-128c.jpeg,None,https://www.khanacademy.org/humanities/grammar/introduction-to-grammar,Free,Khan Academy,grammar
193,Parts of speech: the noun,"This tutorial covers one of the English parts of speech: the noun.  (More is coming soon!  To quote user @Dhanishthaghosh, ""Patience bears a golden fruit!"")",https://cdn.kastatic.org/genfiles/topic-icons/icons/grammar.jpg-13dd1a-128c.jpeg,None,https://www.khanacademy.org/humanities/grammar/parts-of-speech-the-noun,Free,Khan Academy,grammar
194,Parts of speech: the verb,,https://cdn.kastatic.org/genfiles/topic-icons/icons/grammar.jpg-13dd1a-128c.jpeg,None,https://www.khanacademy.org/humanities/grammar/parts-of-speech-the-verb,Free,Khan Academy,grammar
195,Parts of speech: the pronoun,,https://cdn.kastatic.org/genfiles/topic-icons/icons/grammar.jpg-13dd1a-128c.jpeg,None,https://www.khanacademy.org/humanities/grammar/parts-of-speech-the-pronoun,Free,Khan Academy,grammar
196,Parts of speech: the modifier,"Modifiers, like adjectives and adverbs, describe nouns and verbs.  Let's get descriptive!  If you understand modifiers, you can learn to express yourself elegantly.",https://cdn.kastatic.org/genfiles/topic-icons/icons/grammar.jpg-13dd1a-128c.jpeg,None,https://www.khanacademy.org/humanities/grammar/parts-of-speech-the-modifier,Free,Khan Academy,grammar
197,Parts of speech: the preposition and the conjunction,"Prepositions (in, out, before, after, with, without, just to name a few) help establish relationships in time, space, and among people and things. Conjunctions unite words; they attach phrases and clauses to one another.  They're super useful! Learn more about these two parts of speech here.",https://cdn.kastatic.org/genfiles/topic-icons/icons/grammar.jpg-13dd1a-128c.jpeg,None,https://www.khanacademy.org/humanities/grammar/parts-of-speech-the-preposition-and-the-conjunction,Free,Khan Academy,grammar
198,Punctuation: the comma and the apostrophe,"Commas are the superheroes of punctuation! They can perform many different functions. Apostrophes are most often used to stand in for missing letters or to show possession. In the rarest of cases, they can be used to form plurals. Let's learn more!",https://cdn.kastatic.org/genfiles/topic-icons/icons/grammar.jpg-13dd1a-128c.jpeg,None,https://www.khanacademy.org/humanities/grammar/punctuation-the-comma-and-the-apostrophe,Free,Khan Academy,grammar
199,"Punctuation: the colon, semicolon, and more",Colons and semicolons are two valuable pieces of punctuation that separate sentence elements from each other. Learn more about how to use them here!,https://cdn.kastatic.org/genfiles/topic-icons/icons/grammar.jpg-13dd1a-128c.jpeg,None,https://www.khanacademy.org/humanities/grammar/punctuation-the-colon-semicolon-and-more,Free,Khan Academy,grammar
200,Syntax: sentences and clauses,"Syntax involves arranging words to create logical phrases, clauses, and sentences. This is a big topic, so we'll be covering a lot, including: dependent and independent clauses; simple, complex, compound, and compound-complex sentences; and phrases and clauses.",https://cdn.kastatic.org/genfiles/topic-icons/icons/grammar.jpg-13dd1a-128c.jpeg,None,https://www.khanacademy.org/humanities/grammar/syntax-sentences-and-clauses,Free,Khan Academy,grammar
201,Syntax: conventions of standard English,"Syntax involves arranging words to create logical phrases, clauses, and sentences. This is a big topic, so we'll be covering a lot, including: subject-verb agreement, fragments, run-ons, and parallel structure.",https://cdn.kastatic.org/genfiles/topic-icons/icons/grammar.jpg-13dd1a-128c.jpeg,None,https://www.khanacademy.org/humanities/grammar/syntax-conventions-of-standard-english,Free,Khan Academy,grammar
202,Usage and Style,"This is where we'll talk about the conventions of Standard American English that aren't exactly about grammar, but about STYLE.  Harness the power of the sound of language; untangle frequently-confused words and expressions; and learn about why you probably shouldn't wear a tuxedo to a beach party.",https://cdn.kastatic.org/genfiles/topic-icons/icons/grammar.jpg-13dd1a-128c.jpeg,None,https://www.khanacademy.org/humanities/grammar/usage-and-style,Free,Khan Academy,grammar
203,Music basics,The basic principles of music are explained in plain language with helpful graphics and live video demonstrations. If you have ever wondered “How does music work?” than you’ll find answers here. Presented by the All-Star Orchestra music director Gerard Schwarz.,https://cdn.kastatic.org/genfiles/topic-icons/icons/music_basics.jpg-e1acf7-128c.jpeg,None,https://www.khanacademy.org/humanities/music/music-basics2,Free,Khan Academy,music
204,Masterpieces old and new,"Discover what makes a masterpiece by learning how classical works are composed. Music Director Gerard Schwarz explains the history, context and compositional techniques behind famous orchestral works, from Beethoven to leading composers of the present day.",https://cdn.kastatic.org/genfiles/topic-icons/icons/masterpieces_old_and_new.jpg-bb0e57-128c.jpeg,None,https://www.khanacademy.org/humanities/music/music-masterpieces-old-new,Free,Khan Academy,music
205,Instruments of the orchestra,Learn about the different instruments of the orchestra as they are presented and demonstrated by  principal players from famous symphony orchestras.,https://cdn.kastatic.org/genfiles/topic-icons/icons/instruments_of_the_orchestra.jpg-444171-128c.jpeg,None,https://www.khanacademy.org/humanities/music/music-instruments-orchestra,Free,Khan Academy,music
206,Intro to JS: Drawing & Animation,Learn how to use the JavaScript language and the ProcessingJS library to create fun drawings and animations. ,https://cdn.kastatic.org/genfiles/topic-icons/icons/programming.png-e13016-128c.png,None,https://www.khanacademy.org/computing/computer-programming/programming,Free,Khan Academy,computer programming
207,Intro to HTML/CSS: Making webpages,"Learn how to use HTML and CSS to make webpages. HTML is the markup language that you surround content with, to tell browsers about headings, lists, tables, etc. CSS is the stylesheet language that you style the page with, to tell browsers to change the color, font, layout, and more.",https://cdn.kastatic.org/genfiles/topic-icons/icons/markup.png-8a1e75-128c.png,None,https://www.khanacademy.org/computing/computer-programming/html-css,Free,Khan Academy,computer programming
208,Intro to SQL: Querying and managing data,"Learn how to use SQL to store, query, and manipulate data. SQL is a special-purpose programming language designed for managing data in a relational database, and is used by a huge number of apps and organizations.",https://cdn.kastatic.org/genfiles/topic-icons/icons/databases.png-776f54-128c.png,None,https://www.khanacademy.org/computing/computer-programming/sql,Free,Khan Academy,computer programming
209,Advanced JS: Games & Visualizations,"Once you've taken Intro to JS, go here to learn techniques to help you make multi-scene programs, 3d graphics, button menus, and scored games.",https://cdn.kastatic.org/genfiles/topic-icons/icons/computing.png-f455e2-128c.png,None,https://www.khanacademy.org/computing/computer-programming/programming-games-visualizations,Free,Khan Academy,computer programming
210,Advanced JS: Natural Simulations,"Once you've taken Intro to JS, you can go through this course to learn how to combine JS, ProcessingJS, and mathematical concepts to simulate nature in your programs.  This course is a derivative of ""The Nature of Code"" book by Daniel Shiffman (natureofcode.com), used under CC BY-NC.",https://cdn.kastatic.org/genfiles/topic-icons/icons/simulations.png-955b92-128c.png,None,https://www.khanacademy.org/computing/computer-programming/programming-natural-simulations,Free,Khan Academy,computer programming
211,HTML/JS: Making webpages interactive,"Once you've taken both Intro to JS and Intro to HTML/CSS, take this course to learn how use HTML/CSS with the JavaScript DOM API to make your webpages interactive.",https://cdn.kastatic.org/genfiles/topic-icons/icons/markup.png-8a1e75-128c.png,None,https://www.khanacademy.org/computing/computer-programming/html-css-js,Free,Khan Academy,computer programming
212,HTML/JS: Making webpages interactive with jQuery,"Learn how to use jQuery, the world's most popular JS browser library, to add interactivity to your webpages.",https://cdn.kastatic.org/genfiles/topic-icons/icons/markup.png-8a1e75-128c.png,None,https://www.khanacademy.org/computing/computer-programming/html-js-jquery,Free,Khan Academy,computer programming
213,Meet the professional,What can you do with computer science and programming skills once you've learned them? We've invited people from all around the world and the industry to introduce themselves to you. Find out how diverse our field can be!,https://cdn.kastatic.org/genfiles/topic-icons/icons/programming.png-e13016-128c.png,None,https://www.khanacademy.org/computing/computer-programming/meet-the-computing-professional,Free,Khan Academy,computer programming
214,Algorithms,"We've partnered with Dartmouth college professors Tom Cormen and Devin Balkcom to teach introductory computer science algorithms, including searching, sorting, recursion, and graph theory. Learn with a combination of articles, visualizations, quizzes, and coding challenges.",https://cdn.kastatic.org/genfiles/topic-icons/icons/algorithms.png-a4492d-128c.png,None,https://www.khanacademy.org/computing/computer-science/algorithms,Free,Khan Academy,computer science
215,Journey into cryptography,How have humans protected their secret messages through history? What has changed today?,https://cdn.kastatic.org/genfiles/topic-icons/icons/security.png-3de9d9-128c.png,None,https://www.khanacademy.org/computing/computer-science/cryptography,Free,Khan Academy,computer science
216,Journey into information theory,"We've always been communicating.... as we moved from signal fires, to alphabets & electricity the problems remained the same.",https://cdn.kastatic.org/genfiles/topic-icons/icons/information_theory.png-60d575-128c.png,None,https://www.khanacademy.org/computing/computer-science/informationtheory,Free,Khan Academy,computer science
217,How Computers Work,"Thanks to our partners at Code.org, you can learn how computers work - everything from what makes something a computer in the first place, how computers use electrical circuits to store and process information, and the ways hardware and software work together. ",https://cdn.kastatic.org/genfiles/topic-icons/icons/information_theory.png-60d575-128c.png,None,https://www.khanacademy.org/computing/computer-science/how-computers-work2,Free,Khan Academy,computer science
218,Internet 101,"Thanks to our partners at Code.org, you can learn how the internet works - everything from WiFi and IP addresses to cybersecurity and crime.",https://cdn.kastatic.org/genfiles/topic-icons/icons/internet_101.png-2da91d-128c.png,None,https://www.khanacademy.org/computing/computer-science/internet-intro,Free,Khan Academy,computer science
